[
  {
    "user_id": "AEE3DI2CO7ZO6SFSC6FRLAXUSPUQ",
    "user_profile": "<think>\nOkay, the user has only left one review, which says \"Works best...\" and they have an average rating of 5.0. Since there's only one review, I can't get too detailed. The average rating is perfect, so they're probably very satisfied. The review mentions \"Works best,\" which might indicate they value effectiveness or performance. Maybe they look for products that are reliable or high-quality. Since there's only one review, I should focus on the positive aspect and note that they have a strong preference for products that work well. I need to keep it concise, two to three sentences. Also, the user might be a regular shopper who prioritizes functionality. I should mention their high satisfaction and the specific preference for",
    "recommendations": [
      {
        "asin": "B01KC9B5V6",
        "title": "DaLin 4 Sheets Temporary Tattoos, Lion, Hawks, Owl, Skull",
        "price": "None",
        "rating": 3.7,
        "explanation": "Selected based on user profile compatibility"
      },
      {
        "asin": "B09HLB9D19",
        "title": "Citizen Jill 3.4 oz eau de parfum fragrance for women, fruity and luxurious women's perfume from Michael Malul",
        "price": "109.95",
        "rating": 4.4,
        "explanation": "Selected based on user profile compatibility"
      }
    ],
    "historical_reviews": 1
  },
  {
    "user_id": "AF2ARI35CW75TKZ2MODNKETARNOQ",
    "user_profile": "<think>\nOkay, the user has a 5.0 average rating with only one review. The recent review mentions they found a great deal on magnetic lashes, specifically noting they've used several Amazon-listed ones and bought these and recommend them. So, they're probably a satisfied customer who likes to shop on Amazon for beauty products, especially magnetic lashes. Since there's only one review, their shopping pattern might be focused on finding good deals in that category. They might prefer affordable, high-quality products and are likely to recommend items they find valuable. I need to make sure the profile is concise, highlighting their preference for Amazon, magnetic lashes, and their tendency to recommend products. Also, mention their satisfaction with deals and quality.\n</think>\n\nThe user",
    "recommendations": [
      {
        "asin": "B08QZ12ZNT",
        "title": "Highlight Water Wave Lace Front Wigs Human Hair Wigs Honey Blonde Water Remy Brazilian Human Hair Wigs for Women T-part Pre Plucked with Baby Hair 150% Density (26\", Mixed4/27 Water Wig)",
        "price": "None",
        "rating": 1.4,
        "explanation": "Selected based on user profile compatibility"
      },
      {
        "asin": "B001TVURZW",
        "title": "John Frieda Root Awakening Hydrate + Nourish Shampoo 8.45 oz",
        "price": "49.0",
        "rating": 3.9,
        "explanation": "Selected based on user profile compatibility"
      }
    ],
    "historical_reviews": 1
  }
]