[
  {
    "user_id": "AF4T3AQXLGSWBXPJV3RI2DBPEYUA",
    "profile": "<think>\nOkay, the user wants a brief user profile based on the given details. Let me start by breaking down the requirements. The user has 1 review with a 5.0 average rating, which indicates they're very satisfied. The recent",
    "recommendations": [
      {
        "rank": 1,
        "asin": "B01FAGW8N0",
        "title": "Toiletries Bag Shaving Dopp Kit - Keeps Your Travel Essentials Organized",
        "price": "None",
        "rating": 4.2,
        "explanation": "High-rated product (4.2/5) matching user preferences"
      },
      {
        "rank": 2,
        "asin": "B003ZX9GJ0",
        "title": "Professional Hair Brush, Round Bamboo Wood (Phyllostachys Pubescens) Handle with",
        "price": "9.95",
        "rating": 3.3,
        "explanation": "Well-priced option at $9.95"
      },
      {
        "rank": 3,
        "asin": "B08HQ8XFRK",
        "title": "LilySilk 100% Mulberry Silk Scrunchies for Hair Vsco Girl, Elastic Hair Bobbles ",
        "price": "None",
        "rating": 4.4,
        "explanation": "High-rated product (4.4/5) matching user preferences"
      }
    ],
    "stats": {
      "review_count": 1,
      "avg_rating": 5.0
    }
  },
  {
    "user_id": "AGFYREPJYFZQIEDILNOETLWNBQ2Q",
    "profile": "<think>\nOkay, the user wants a user profile based on specific criteria. Let me start by breaking down the requirements. They mentioned one review with a 5.0 average rating, so the user is highly satisfied. The recent feedback is \"great",
    "recommendations": [
      {
        "rank": 1,
        "asin": "B014LXGOJC",
        "title": "Cellot 25pcs 4\" Boutique Girls Kids Children Hair Bows Grosgrain Ribbon Headband",
        "price": "None",
        "rating": 5.0,
        "explanation": "High-rated product (5.0/5) matching user preferences"
      },
      {
        "rank": 2,
        "asin": "B07VP9J9TM",
        "title": "TOM FORD Brow Perfecting Pencil Taupe",
        "price": "83.56",
        "rating": 4.0,
        "explanation": "High-rated product (4.0/5) matching user preferences"
      },
      {
        "rank": 3,
        "asin": "B0851FT1NR",
        "title": "100pcs Clear False Nail Extra Long Stiletto Nail Art Tip Sharp Acrylic Half Cove",
        "price": "None",
        "rating": 4.2,
        "explanation": "High-rated product (4.2/5) matching user preferences"
      }
    ],
    "stats": {
      "review_count": 1,
      "avg_rating": 5.0
    }
  },
  {
    "user_id": "AHZWH7RFJ3UX532CGNP74OBKGGWQ",
    "profile": "<think>\nOkay, the user wants a brief user profile based on the given data. Let me start by parsing the information. There's one review with a 1.0 average rating. The user is critical with purchases, so they probably don't",
    "recommendations": [
      {
        "rank": 1,
        "asin": "B0834SZKX3",
        "title": "Hawaiian Luau Party Supplies-Hawaiian Leis(60Ct) with Hawaiian Flower Hair Clips",
        "price": "None",
        "rating": 4.7,
        "explanation": "High-rated product (4.7/5) matching user preferences"
      },
      {
        "rank": 2,
        "asin": "B00MQ7NUCU",
        "title": "(3 Pack) MILANI Bella Eyes A Gel Powder Eyeshadow - Bella Rose",
        "price": "None",
        "rating": 5.0,
        "explanation": "High-rated product (5.0/5) matching user preferences"
      },
      {
        "rank": 3,
        "asin": "B00WJUUEP0",
        "title": "Sannysis Blue Animal Elephant Stand Leather Case Cover For Samsung Galaxy S6 Edg",
        "price": "None",
        "rating": 4.0,
        "explanation": "High-rated product (4.0/5) matching user preferences"
      }
    ],
    "stats": {
      "review_count": 1,
      "avg_rating": 1.0
    }
  }
]