[
  {
    "user_id": "AGEBMO6YVH7OQPPPL5CFATNHJHNA",
    "category": "All_Beauty",
    "user_analysis": {
      "type": "satisfied",
      "description": "Highly satisfied customer (2 reviews, 5.0/5)",
      "review_count": 2,
      "avg_rating": 5.0
    },
    "recommendations": [
      {
        "rank": 1,
        "title": "Thierry Mugler Alien Body Lotion for Women 7 oz.",
        "price": "None",
        "rating": 4.2,
        "reason": "Popular choice with 4.2/5 rating",
        "asin": "B00OYP165K"
      },
      {
        "rank": 2,
        "title": "VIROCHEMISTRY Pheromones For Women (Elixir) - Elegant, Ultra",
        "price": "29.8",
        "rating": 3.7,
        "reason": "Good value product in category",
        "asin": "B07X1TK3VS"
      },
      {
        "rank": 3,
        "title": "[The Hair Mother Cellar] M-hair Loss Shampoo For Moisturizin",
        "price": "None",
        "rating": 4.5,
        "reason": "Popular choice with 4.5/5 rating",
        "asin": "B01BGSYRD0"
      }
    ]
  },
  {
    "user_id": "AGAM2CCKV52HI4YZU7ASZTSXA7YQ",
    "category": "All_Beauty",
    "user_analysis": {
      "type": "satisfied",
      "description": "Highly satisfied customer (1 reviews, 5.0/5)",
      "review_count": 1,
      "avg_rating": 5.0
    },
    "recommendations": [
      {
        "rank": 1,
        "title": "Thierry Mugler Alien Body Lotion for Women 7 oz.",
        "price": "None",
        "rating": 4.2,
        "reason": "Popular choice with 4.2/5 rating",
        "asin": "B00OYP165K"
      },
      {
        "rank": 2,
        "title": "VIROCHEMISTRY Pheromones For Women (Elixir) - Elegant, Ultra",
        "price": "29.8",
        "rating": 3.7,
        "reason": "Good value product in category",
        "asin": "B07X1TK3VS"
      },
      {
        "rank": 3,
        "title": "[The Hair Mother Cellar] M-hair Loss Shampoo For Moisturizin",
        "price": "None",
        "rating": 4.5,
        "reason": "Popular choice with 4.5/5 rating",
        "asin": "B01BGSYRD0"
      }
    ]
  },
  {
    "user_id": "AGIXTIMXPEXIUXG7Q663I7GMLOTA",
    "category": "Movies_and_TV",
    "user_analysis": {
      "type": "moderate",
      "description": "Moderate customer (2 reviews, 3.5/5)",
      "review_count": 2,
      "avg_rating": 3.5
    },
    "recommendations": [
      {
        "rank": 1,
        "title": "Glee",
        "price": "22.39",
        "rating": 4.7,
        "reason": "Popular choice with 4.7/5 rating",
        "asin": "B00ABWKL3I"
      },
      {
        "rank": 2,
        "title": "One Perfect Wedding",
        "price": "None",
        "rating": 3.0,
        "reason": "Good value product in category",
        "asin": "B09WDLJ4HP"
      },
      {
        "rank": 3,
        "title": "How to Make Animatronic Characters - Organic Mechanics Part ",
        "price": "64.99",
        "rating": 5.0,
        "reason": "Popular choice with 5.0/5 rating",
        "asin": "B00AHN851G"
      }
    ]
  },
  {
    "user_id": "AGOEOPHEQDQYEQEJFI53KFUDLZVA",
    "category": "Movies_and_TV",
    "user_analysis": {
      "type": "satisfied",
      "description": "Highly satisfied customer (1 reviews, 5.0/5)",
      "review_count": 1,
      "avg_rating": 5.0
    },
    "recommendations": [
      {
        "rank": 1,
        "title": "Top Gear America",
        "price": "None",
        "rating": 3.2,
        "reason": "Good value product in category",
        "asin": "B08V5CBT5R"
      },
      {
        "rank": 2,
        "title": "PBS KIDS: Secret Superheroes!",
        "price": "8.99",
        "rating": 4.6,
        "reason": "Popular choice with 4.6/5 rating",
        "asin": "B09WPZSR8N"
      },
      {
        "rank": 3,
        "title": "The Reunion Party 2004, Featuring Former Soul Train Dancers",
        "price": "None",
        "rating": 3.0,
        "reason": "Good value product in category",
        "asin": "B000M6QR04"
      }
    ]
  },
  {
    "user_id": "AHV3V3SLT35QHQX3NQOFUDBNV2RQ",
    "category": "Office_Products",
    "user_analysis": {
      "type": "satisfied",
      "description": "Highly satisfied customer (2 reviews, 5.0/5)",
      "review_count": 2,
      "avg_rating": 5.0
    },
    "recommendations": [
      {
        "rank": 1,
        "title": "Protective Comic Book Storage Box Designed with Water-Resist",
        "price": "12.99",
        "rating": 4.3,
        "reason": "Popular choice with 4.3/5 rating",
        "asin": "B09PK4J3DG"
      },
      {
        "rank": 2,
        "title": "River Song 2017 2018 Daily Planner Doctor Who Student Colleg",
        "price": "None",
        "rating": 4.4,
        "reason": "Popular choice with 4.4/5 rating",
        "asin": "B00LU8U0ME"
      },
      {
        "rank": 3,
        "title": "kooway Compatible Drum Unit Replacement for Brother DR730 DR",
        "price": "None",
        "rating": 3.8,
        "reason": "Good value product in category",
        "asin": "B08GHW5F1H"
      }
    ]
  },
  {
    "user_id": "AGLHRQLAWKWQKEF6VRO2Y3MRS4JQ",
    "category": "Office_Products",
    "user_analysis": {
      "type": "satisfied",
      "description": "Highly satisfied customer (2 reviews, 5.0/5)",
      "review_count": 2,
      "avg_rating": 5.0
    },
    "recommendations": [
      {
        "rank": 1,
        "title": "Protective Comic Book Storage Box Designed with Water-Resist",
        "price": "12.99",
        "rating": 4.3,
        "reason": "Popular choice with 4.3/5 rating",
        "asin": "B09PK4J3DG"
      },
      {
        "rank": 2,
        "title": "River Song 2017 2018 Daily Planner Doctor Who Student Colleg",
        "price": "None",
        "rating": 4.4,
        "reason": "Popular choice with 4.4/5 rating",
        "asin": "B00LU8U0ME"
      },
      {
        "rank": 3,
        "title": "kooway Compatible Drum Unit Replacement for Brother DR730 DR",
        "price": "None",
        "rating": 3.8,
        "reason": "Good value product in category",
        "asin": "B08GHW5F1H"
      }
    ]
  }
]